,model_name,EEG_Eye_State_entropic_expressivity,EEG_Eye_State_algorithmic_capacity,EEG_Eye_State_algorithmic_bias_size_1,EEG_Eye_State_algorithmic_bias_size_2,EEG_Eye_State_algorithmic_bias_size_3,EEG_Eye_State_algorithmic_bias_size_4,EEG_Eye_State_algorithmic_bias_size_5,SemiRandom_entropic_expressivity,SemiRandom_algorithmic_capacity,SemiRandom_algorithmic_bias_size_1,SemiRandom_algorithmic_bias_size_2,SemiRandom_algorithmic_bias_size_3,SemiRandom_algorithmic_bias_size_4,SemiRandom_algorithmic_bias_size_5,Shopper_Intention_entropic_expressivity,Shopper_Intention_algorithmic_capacity,Shopper_Intention_algorithmic_bias_size_1,Shopper_Intention_algorithmic_bias_size_2,Shopper_Intention_algorithmic_bias_size_3,Shopper_Intention_algorithmic_bias_size_4,Shopper_Intention_algorithmic_bias_size_5,Abalone_entropic_expressivity,Abalone_algorithmic_capacity,Abalone_algorithmic_bias_size_1,Abalone_algorithmic_bias_size_2,Abalone_algorithmic_bias_size_3,Abalone_algorithmic_bias_size_4,Abalone_algorithmic_bias_size_5,Bank_Marketing_entropic_expressivity,Bank_Marketing_algorithmic_capacity,Bank_Marketing_algorithmic_bias_size_1,Bank_Marketing_algorithmic_bias_size_2,Bank_Marketing_algorithmic_bias_size_3,Bank_Marketing_algorithmic_bias_size_4,Bank_Marketing_algorithmic_bias_size_5,Car_Evaluation_entropic_expressivity,Car_Evaluation_algorithmic_capacity,Car_Evaluation_algorithmic_bias_size_1,Car_Evaluation_algorithmic_bias_size_2,Car_Evaluation_algorithmic_bias_size_3,Car_Evaluation_algorithmic_bias_size_4,Car_Evaluation_algorithmic_bias_size_5,Letter_Recognition_entropic_expressivity,Letter_Recognition_algorithmic_capacity,Letter_Recognition_algorithmic_bias_size_1,Letter_Recognition_algorithmic_bias_size_2,Letter_Recognition_algorithmic_bias_size_3,Letter_Recognition_algorithmic_bias_size_4,Letter_Recognition_algorithmic_bias_size_5,Obesity_entropic_expressivity,Obesity_algorithmic_capacity,Obesity_algorithmic_bias_size_1,Obesity_algorithmic_bias_size_2,Obesity_algorithmic_bias_size_3,Obesity_algorithmic_bias_size_4,Obesity_algorithmic_bias_size_5,Spam_entropic_expressivity,Spam_algorithmic_capacity,Spam_algorithmic_bias_size_1,Spam_algorithmic_bias_size_2,Spam_algorithmic_bias_size_3,Spam_algorithmic_bias_size_4,Spam_algorithmic_bias_size_5,Wine_Quality_entropic_expressivity,Wine_Quality_algorithmic_capacity,Wine_Quality_algorithmic_bias_size_1,Wine_Quality_algorithmic_bias_size_2,Wine_Quality_algorithmic_bias_size_3,Wine_Quality_algorithmic_bias_size_4,Wine_Quality_algorithmic_bias_size_5
0,model_102_Decision_Tree_max_depth_66,3.3667660489079356,2.845005771395782,0.030390000000000018,0.17104000000000003,0.39302000000000004,0.43266000000000004,0.19413,4.691261509281633,4.059328034211446,0.0013100000000000089,-0.00705999999999998,-0.006839999999999984,-0.002959999999999995,-0.0004100000000000002,1.7180024013665656,1.4317533336569415,0.031090000000000013,0.18500000000000003,0.46894,0.6427200000000001,0.41173,3.0915080546691858,2.5990326579920415,0.029430000000000005,0.16384,0.3551,0.35358,0.13983,2.8163102821728914,2.378323885494289,0.030529999999999995,0.17176,0.39562,0.45786000000000004,0.21529,0.8662318234065325,0.7732281208846181,0.03125,0.1874,0.49832,0.79122,0.71707,0.5904362182236839,0.4971667481291973,0.031249999999999997,0.1875,0.49974,0.8024,0.83285,0.6091639932140669,0.5298889352426769,0.03125,0.1875,0.49968,0.7976,0.80203,1.8553541669768758,1.5692360754581534,0.03125000000000001,0.18648,0.48358,0.6797000000000001,0.43661,0.5481640294029206,0.46790071551502393,0.03125,0.1875,0.5,0.8035,0.78131
1,model_102_Decision_Tree_max_depth_61,3.367392661783887,2.8448258347135416,0.03021000000000001,0.17044,0.39176,0.4333,0.19447,4.696295652148205,4.056591945549416,0.0008100000000000096,-0.005579999999999979,-0.003219999999999988,-0.0038999999999999994,-0.00063,1.7089281090205495,1.418130240577384,0.03105,0.18514,0.46976,0.6434,0.41231,3.084966711775789,2.5955954379378636,0.029210000000000014,0.164,0.35474,0.35502,0.14107,2.8195765158419395,2.38284869619601,0.03033000000000001,0.17162000000000002,0.3953,0.45622,0.21487,0.8856373135929575,0.7919571723811377,0.03125,0.18738,0.49836,0.79034,0.71539,0.5718526560490245,0.48652716020029263,0.031249999999999997,0.1875,0.4999,0.80334,0.83745,0.6061190814033716,0.5289403660013942,0.03125,0.1875,0.49968,0.7976800000000001,0.80281,1.866095386124862,1.585781266247559,0.03123000000000002,0.18644000000000002,0.48342,0.6783600000000001,0.43639,0.5456201220442458,0.4632422680510176,0.03125,0.1875,0.5,0.80342,0.78249
2,model_102_Decision_Tree_max_depth_56,3.3683303767287995,2.840164550791037,0.030330000000000017,0.17080000000000004,0.39114000000000004,0.43122000000000005,0.19425,4.690687525475809,4.057778000126281,0.0007900000000000074,-0.0033799999999999807,-0.003639999999999988,-0.003319999999999998,0.0001299999999999998,1.7043877380259183,1.4120727578112173,0.03105000000000001,0.18542000000000003,0.47100000000000003,0.64398,0.41235,3.089127395624619,2.5946159807533284,0.028930000000000004,0.16414,0.35518,0.35258,0.13885,2.816343991468159,2.377854396264126,0.030449999999999998,0.17222,0.39576,0.45732,0.21385,0.8814325552978631,0.7824768226971325,0.03125,0.1874,0.49822,0.79084,0.71425,0.5741508920827184,0.4763901611115382,0.03125,0.1875,0.49986,0.8029000000000001,0.83677,0.607648173914324,0.5239185309100037,0.03125,0.1875,0.4997,0.79812,0.80297,1.8519346876333873,1.570448263423544,0.031230000000000015,0.18616000000000002,0.48378000000000004,0.68022,0.43669,0.5415381932812529,0.4609050748934427,0.03125,0.1875,0.5,0.80352,0.78337
3,model_102_Decision_Tree_max_depth_51,3.367867981930725,2.8409046994436573,0.03043000000000002,0.16998000000000002,0.39216,0.43146,0.19575,4.6910784472413,4.055492786951177,0.0009900000000000087,-0.003539999999999974,-0.005319999999999997,-0.004019999999999998,-0.00015000000000000029,1.7059883911830223,1.4130965133585323,0.03111000000000001,0.18484,0.46982,0.6439400000000001,0.41341,3.0924250287988273,2.5995905141416613,0.02899000000000001,0.16472000000000003,0.35440000000000005,0.35212,0.14035,2.816745363583671,2.384643355128381,0.03041000000000001,0.1721,0.39590000000000003,0.45758000000000004,0.21591,0.8846306000841452,0.7892298845155237,0.03125,0.18738,0.4983,0.79042,0.71295,0.579159306037592,0.4849649337078755,0.031249999999999997,0.1875,0.49982,0.80234,0.83543,0.5976854561364531,0.5218741300188359,0.03125,0.1875,0.49974,0.79818,0.80465,1.8559223310431316,1.571023389619079,0.03123000000000001,0.18666000000000002,0.48384000000000005,0.68074,0.43623,0.5417588684311199,0.4595963775573018,0.03125,0.1875,0.5,0.80328,0.78283
4,model_102_Decision_Tree_max_depth_46,3.3646157044899176,2.836642085469399,0.03045000000000001,0.17076000000000002,0.39132,0.4325,0.19351,4.702660905168378,4.0438930846000005,0.0009300000000000031,-0.00341999999999998,-0.0043999999999999925,-0.0043199999999999975,-0.00051,1.7084781215726403,1.4179544688448125,0.031050000000000008,0.18486000000000002,0.46906000000000003,0.64446,0.41163,3.082105313042605,2.5935115675728353,0.029130000000000007,0.16374000000000002,0.3556,0.3551,0.14089,2.823097103083911,2.3898527063190462,0.03027000000000001,0.17156000000000002,0.3947,0.45572,0.21441,0.8748930747938253,0.7812944834749432,0.03125,0.1874,0.49842,0.79096,0.71591,0.5760631174862004,0.4854678811286726,0.031249999999999997,0.1875,0.4998,0.8025,0.83497,0.5978936730215041,0.5170912257657538,0.03125,0.1875,0.49972,0.79812,0.80409,1.848671164897164,1.563010506935635,0.031190000000000013,0.18650000000000003,0.48398,0.6833,0.43603000000000003,0.5457436853203205,0.46354595695789846,0.03125,0.1875,0.5,0.8034,0.78263
5,model_100_KNN_neighbors_196,1.3523663683317728,1.3523663683317728,0.027649999999999997,0.1265,0.2657,0.2532,0.08065,3.052021446553575,3.052021446553575,-0.007449999999999985,-0.012399999999999968,-0.01889999999999998,-0.010499999999999997,-0.003449999999999999,0.0,0.0,0.03125,0.1775,0.47,0.6125,0.36875,0.9795117067744477,0.9795117067744477,0.031149999999999997,0.1513,0.3232,0.3496,0.16195,0.7051682920565526,0.7051682920565526,0.03035,0.1441,0.29660000000000003,0.326,0.16975,0.0,0.0,0.03125,0.1875,0.5,0.7625,0.60875,1.3559502844402083,1.3559502844402083,-0.02135,0.010700000000000006,0.03670000000000002,0.047200000000000006,0.050550000000000005,0.38909964388353235,0.38909964388353235,0.03095,0.1857,0.4824,0.7516,0.60555,0.773359336949698,0.773359336949698,0.031249999999999997,0.1303,0.2725,0.2514,0.08585,0.07558784885453713,0.07558784885453713,0.03125,0.1875,0.5,0.7752,0.60805
6,model_100_KNN_neighbors_191,1.37552605985855,1.37552605985855,0.027749999999999997,0.1348,0.2746,0.264,0.08565,3.0762769634582536,3.0762769634582536,-0.008149999999999992,-0.01689999999999998,-0.022299999999999986,-0.009299999999999994,-0.005549999999999999,0.0,0.0,0.03125,0.1775,0.47,0.6125,0.36875,1.0464718900505594,1.0464718900505594,0.031249999999999997,0.15209999999999999,0.326,0.3537,0.16245,0.7006105334785598,0.7006105334785598,0.030350000000000002,0.145,0.2998,0.3284,0.17015,0.0,0.0,0.03125,0.1875,0.5,0.7625,0.60875,1.8525789300380753,1.8525789300380753,-0.012549999999999997,0.03900000000000001,0.10040000000000003,0.11570000000000001,0.08375,0.2625214224153802,0.2625214224153802,0.03125,0.1874,0.4881,0.7671,0.62025,0.7476768797437788,0.7476768797437788,0.031249999999999997,0.1303,0.2749,0.2535,0.08785,0.0735042342982881,0.0735042342982881,0.03125,0.1875,0.5,0.7753,0.60795
7,model_100_KNN_neighbors_186,1.369777951137791,1.369777951137791,0.02775,0.1345,0.2756,0.2656,0.08625,3.1965163748026693,3.1965163748026693,-0.006649999999999976,-0.007399999999999964,-0.011299999999999975,-0.005699999999999995,-0.0030499999999999993,0.0,0.0,0.03125,0.1775,0.47,0.6125,0.36875,1.032455765915253,1.032455765915253,0.031249999999999997,0.1518,0.3249,0.3481,0.16115,0.7259898984259833,0.7259898984259833,0.030350000000000002,0.1445,0.2994,0.3296,0.16905,0.0,0.0,0.03125,0.1875,0.5,0.7625,0.60875,2.104408082235123,2.104408082235123,-0.0032500000000000016,0.0655,0.1597,0.1824,0.11625,0.2204494598054244,0.2204494598054244,0.03125,0.1875,0.4886,0.7699,0.62355,0.7663614070622559,0.7663614070622559,0.031249999999999997,0.1307,0.2729,0.2554,0.08864999999999999,0.07450021391543024,0.07450021391543024,0.03125,0.1875,0.5,0.7748,0.61065
8,model_100_KNN_neighbors_181,1.39241537335343,1.39241537335343,0.02765,0.1405,0.2831,0.2781,0.09135,3.2183109852178724,3.2183109852178724,-0.007349999999999984,-0.015599999999999973,-0.020299999999999988,-0.011799999999999993,-0.006549999999999999,0.0,0.0,0.03125,0.1775,0.47,0.6125,0.36875,1.0992458181948535,1.0992458181948535,0.031249999999999997,0.1501,0.3249,0.3461,0.16105,0.7211868521714768,0.7211868521714768,0.03045,0.1442,0.3001,0.332,0.17155,0.0,0.0,0.03125,0.1875,0.5,0.7625,0.60875,2.3002426296536496,2.3002426296536496,0.006349999999999999,0.09670000000000001,0.23360000000000003,0.25980000000000003,0.15395,0.21629696771110193,0.21629696771110193,0.03125,0.1875,0.4892,0.7719,0.62735,0.7515600397140151,0.7515600397140151,0.031249999999999997,0.1324,0.2758,0.256,0.09185,0.07649960525271352,0.07649960525271352,0.03125,0.1875,0.5,0.7751,0.60965
9,model_100_KNN_neighbors_176,1.398523148751908,1.398523148751908,0.02855,0.1408,0.2879,0.2808,0.09145,3.3441752125782327,3.3441752125782327,-0.00454999999999999,-0.006199999999999978,-0.0061999999999999885,-0.003199999999999995,-0.0027499999999999994,0.0,0.0,0.03125,0.1775,0.47,0.6125,0.36875,1.0872655808596472,1.0872655808596472,0.031249999999999997,0.14980000000000002,0.3212,0.3402,0.15785,0.7496799961787869,0.7496799961787869,0.030350000000000002,0.1438,0.29860000000000003,0.3333,0.16855,0.0,0.0,0.03125,0.1875,0.5,0.7625,0.60875,2.284811610476137,2.284811610476137,0.01655,0.12760000000000002,0.30260000000000004,0.3544,0.20895,0.21151220044025948,0.21151220044025948,0.03125,0.1875,0.4892,0.772,0.62895,0.7610218132592832,0.7610218132592832,0.031249999999999997,0.1322,0.2752,0.2567,0.08985,0.07654736379784338,0.07654736379784338,0.03125,0.1875,0.5,0.7754,0.61035
10,model_106_Random_Forest_depth_66,2.1754544161064975,1.018156778257163,0.031130000000000012,0.17974,0.43872000000000005,0.56226,0.32083,4.607693840188511,2.887779981519526,0.0036500000000000087,0.009320000000000024,0.01162000000000001,0.00816,0.00311,0.8491233564016777,0.36252301012191507,0.031249999999999997,0.1873,0.48162,0.68232,0.50265,2.217519863195994,1.20495639458587,0.030850000000000006,0.17536000000000002,0.4022,0.44852000000000003,0.19577,1.9057770084954009,0.8834011519775605,0.03093000000000001,0.1781,0.42662000000000005,0.5274800000000001,0.27533,0.6610771050721564,0.37847586488191276,0.03125,0.1875,0.49878,0.79684,0.75395,0.3648227214553462,0.18480265837266974,0.03125,0.1875,0.49998,0.80328,0.83525,0.6979015811638172,0.3426724559968218,0.03125,0.1875,0.49822,0.78876,0.75369,0.9071322183687375,0.40088713204915055,0.031249999999999997,0.1875,0.49882,0.7752,0.56427,0.21580384040876033,0.09404057327935124,0.03125,0.1875,0.5,0.8108,0.86795
11,model_106_Random_Forest_depth_61,2.197884747884501,1.0415576273209117,0.03109000000000001,0.17956000000000003,0.4388,0.55896,0.32365,4.613613665241216,2.892497893879902,0.0030900000000000007,0.008120000000000021,0.012880000000000008,0.0097,0.0019299999999999999,0.8484610337464245,0.35842359371674737,0.03125,0.18718,0.48074,0.68118,0.49753,2.2248929017300614,1.1994899868360558,0.030650000000000007,0.17588,0.40446,0.45024000000000003,0.19791,1.9029870055576503,0.8836081787838803,0.031050000000000005,0.17804,0.42676000000000003,0.52498,0.27859,0.6573338037652917,0.37494299753852345,0.031249999999999997,0.1875,0.49876,0.79684,0.75657,0.35849029632864676,0.17876904613769654,0.03125,0.1875,0.49994,0.80268,0.83281,0.6954426420043128,0.33895752425434533,0.03125,0.18748,0.49774,0.7884,0.75043,0.9038342541450842,0.3938937880087241,0.031249999999999997,0.1875,0.49882,0.77644,0.56673,0.21298345672108573,0.09222566488890398,0.03125,0.1875,0.5,0.81106,0.86931
12,model_106_Random_Forest_depth_56,2.192253478388404,1.0323961790368177,0.031030000000000002,0.18028,0.44008,0.56216,0.32181,4.60811857887609,2.8844811601918146,0.0037300000000000054,0.009080000000000022,0.014740000000000005,0.01062,0.0012899999999999997,0.844582077386966,0.3557604452741015,0.03125,0.18722,0.48166,0.68332,0.49991,2.236325105614422,1.208432234978523,0.03067,0.17498,0.4027,0.445,0.19905,1.9028492429958845,0.8856188220563431,0.030929999999999996,0.17842,0.42554000000000003,0.52492,0.27911,0.6770273308347886,0.38447985633908316,0.03125,0.1875,0.49896,0.7957,0.74869,0.35603069598224446,0.17798562043609065,0.03125,0.1875,0.49998,0.80392,0.83527,0.7009258663718483,0.33433938704133553,0.03125,0.1875,0.49772,0.78852,0.74873,0.9039883082347374,0.3854051703830874,0.03125,0.18748,0.49858,0.77658,0.56259,0.21792271173475392,0.0987521143416113,0.03125,0.1875,0.5,0.81102,0.86779
13,model_106_Random_Forest_depth_51,2.206119970275563,1.0396512394888782,0.03111,0.17974,0.44060000000000005,0.5591,0.31827,4.613376503256586,2.900237701338639,0.004550000000000011,0.011260000000000023,0.012580000000000006,0.008260000000000003,0.00103,0.8472100872332726,0.3589961392844485,0.03125,0.18712,0.48116000000000003,0.68264,0.50297,2.2403885052427803,1.2157810265818398,0.030810000000000008,0.1759,0.40286,0.44942,0.19473000000000001,1.8978210901902277,0.886040059758315,0.03089,0.17726,0.42688000000000004,0.5257000000000001,0.27807,0.6683607618864023,0.37928566224728305,0.03125,0.18748,0.49882,0.79692,0.75247,0.35933038484496016,0.17991736106020334,0.03125,0.1875,0.49998,0.803,0.83541,0.6796651573105578,0.328834610485766,0.03125,0.1875,0.49826,0.7892,0.75231,0.9015693598133397,0.39075939685496985,0.031249999999999997,0.1875,0.49862,0.775,0.56417,0.22295709341082387,0.10011214944813977,0.03125,0.1875,0.5,0.81046,0.86549
14,model_106_Random_Forest_depth_46,2.195972389788828,1.0385793183107646,0.031110000000000002,0.17944000000000002,0.43922,0.5597,0.32013,4.602742712436309,2.8999305998298412,0.0031500000000000104,0.009160000000000036,0.011560000000000011,0.0070599999999999994,0.00243,0.8457276038180874,0.3567621745508016,0.03125,0.18732000000000001,0.48112,0.68018,0.49797,2.2187546530535207,1.1972985697991636,0.03061000000000001,0.17546,0.40390000000000004,0.45014,0.19557,1.9049432359600778,0.8872241156161584,0.031030000000000002,0.17800000000000002,0.4264,0.52352,0.27787,0.6704427930304224,0.3900551443153521,0.03125,0.1875,0.49914,0.79704,0.75219,0.36371199097116264,0.186937069896636,0.03125,0.1875,0.49998,0.80314,0.83323,0.6859275639592959,0.32930752788732054,0.03125,0.1875,0.498,0.78834,0.75201,0.8932619314540678,0.3866155888264191,0.031249999999999997,0.18748,0.49858,0.7763,0.56449,0.216870283837304,0.09666781411079986,0.03125,0.1875,0.5,0.81108,0.86847
15,model_107_Random_Forest_estimators_196,1.256885551220978,0.927227034742636,0.03125,0.18424000000000001,0.46572,0.64982,0.44745,4.426865547529909,3.77559040419899,0.00039000000000001257,-0.002199999999999982,-0.005139999999999988,-0.006259999999999994,-0.0010299999999999997,0.5902304548704207,0.4507847837906978,0.03125,0.18748,0.48632,0.6804,0.51017,1.753670492872619,1.4573430479019536,0.031130000000000005,0.17868,0.42018,0.47132,0.21177,1.0019609246609265,0.755367094901539,0.03119,0.18296,0.4454,0.57918,0.34523,0.4771146291908998,0.4145492490172658,0.03125,0.1875,0.4997,0.80094,0.77811,0.23669292374253825,0.1947929961269265,0.03125,0.1875,0.5,0.80798,0.86859,0.38349769810166046,0.31003283952949656,0.03125,0.1875,0.49934,0.80286,0.83011,0.42224678832737805,0.319155491214261,0.03125,0.1875,0.49986,0.80006,0.64209,0.07978926383986014,0.06209646821988089,0.03125,0.1875,0.5,0.81216,0.88769
16,model_107_Random_Forest_estimators_191,1.253221123858005,0.9261110748535807,0.031249999999999993,0.18452,0.46572,0.65276,0.45053,4.431624840875968,3.7679540471355115,0.0009699999999999986,-0.0019999999999999814,-0.006579999999999991,-0.006699999999999994,-0.00010999999999999948,0.5895174154930519,0.45041925932849536,0.03125,0.1875,0.48668,0.68014,0.50837,1.743114235168721,1.4420391060192885,0.031030000000000002,0.17866,0.42036,0.47202,0.21141000000000001,1.0019047583879783,0.7495273352038477,0.031249999999999997,0.18308,0.4464,0.57886,0.34615,0.4783309592929312,0.41127194402605594,0.03125,0.1875,0.49968,0.80024,0.77657,0.23143405569090136,0.19174213271545718,0.03125,0.1875,0.5,0.80802,0.8686699999999999,0.37997837153005243,0.31078311241859274,0.03125,0.1875,0.49932,0.803,0.83213,0.42430343516352503,0.31555290071960224,0.03125,0.1875,0.4999,0.80008,0.64189,0.08390011837520872,0.06513856431549803,0.03125,0.1875,0.5,0.81216,0.88737
17,model_107_Random_Forest_estimators_186,1.2528092494850709,0.9194301727576818,0.03125,0.18436,0.46566,0.65088,0.44909,4.435956931356197,3.770575146007553,0.00027000000000000136,-0.0019999999999999896,-0.003539999999999996,-0.007059999999999996,-0.0009100000000000002,0.5901580955548182,0.44594080079901083,0.03125,0.1875,0.48646,0.68122,0.50951,1.7427560586387636,1.4355879917793624,0.031090000000000003,0.17818,0.42004,0.47356000000000004,0.21151,1.0100446362281843,0.7591841683649386,0.031189999999999996,0.18284,0.44548,0.57734,0.34201,0.48276307365445836,0.4186435725764483,0.03125,0.1875,0.49962,0.80054,0.77661,0.23445341150021803,0.19547943610861135,0.03125,0.1875,0.5,0.80818,0.86835,0.3823111638364365,0.307516304609507,0.03125,0.1875,0.49922,0.8031,0.83167,0.42473270527124407,0.31525374828100255,0.03125,0.1875,0.49985999999999997,0.8003,0.64201,0.08186976746028099,0.06264990303206878,0.03125,0.1875,0.5,0.81212,0.88793
18,model_107_Random_Forest_estimators_181,1.2554809627843235,0.925598256841856,0.031249999999999993,0.18438,0.46644,0.65198,0.44857,4.440448779513045,3.770331892500492,0.0006100000000000105,-0.003219999999999984,-0.006539999999999998,-0.006599999999999995,-0.0003499999999999998,0.5935121224556568,0.45082794354304917,0.03125,0.1875,0.48642,0.6813400000000001,0.50887,1.7588364852237974,1.445050339941082,0.03105,0.17838,0.42084,0.47266,0.21189,1.009967642070438,0.7538906059726141,0.031229999999999997,0.18294,0.44616,0.5781,0.34557,0.47228117481679877,0.4077323294535631,0.03125,0.1875,0.4997,0.80076,0.77699,0.2315028253267017,0.18944394508080298,0.03125,0.1875,0.5,0.80806,0.86955,0.37907800574612505,0.30398056205476826,0.03125,0.1875,0.4993,0.80288,0.83105,0.42367616479277453,0.31585286580162336,0.03125,0.1875,0.49988,0.8001,0.64163,0.0825088429046999,0.06338252633359319,0.03125,0.1875,0.5,0.81214,0.88799
19,model_107_Random_Forest_estimators_176,1.2609886641474957,0.9240517346472309,0.03125,0.1845,0.46606000000000003,0.65128,0.44855,4.441989334283143,3.7582289627498358,0.0008500000000000119,-0.0010799999999999844,-0.0018999999999999933,-0.0033199999999999996,-5.000000000000011e-05,0.5918796543062406,0.44928374410836325,0.03125,0.1875,0.48664,0.6808,0.51081,1.7540947028354676,1.4475658821912294,0.031089999999999996,0.1784,0.42062,0.47300000000000003,0.21133,1.0160217460951608,0.7515747464277109,0.031229999999999997,0.18306,0.4457,0.57766,0.34439,0.48144409727611254,0.4197970838872714,0.03125,0.1875,0.49968,0.80042,0.77763,0.2338255120130417,0.19721880158452004,0.03125,0.1875,0.5,0.80786,0.86779,0.3826545391368218,0.3063672345292602,0.03125,0.1875,0.49936,0.80254,0.8303699999999999,0.4292679430163623,0.3161988994447506,0.03125,0.1875,0.4999,0.79944,0.64127,0.0826264914702324,0.06445454706511416,0.03125,0.1875,0.5,0.8122,0.88789
20,model_108_Adaboost_estimators_96,2.0299565598707554,2.029690176942376,0.030650000000000004,0.1688,0.39080000000000004,0.45894,0.23299,4.398025433946636,4.398025433946636,0.00255000000000003,0.0022000000000000296,0.0007000000000000179,-0.00029999999999999444,-0.002949999999999999,0.8190829081574745,0.8189858130980291,0.03125,0.1867,0.4718,0.67244,0.48145,2.0840637380252907,2.0752260479830875,0.030450000000000005,0.17654,0.41082,0.45666,0.20171,1.400483265220732,1.400483265220732,0.031150000000000004,0.1782,0.4297,0.5392,0.30635,0.44159325998751187,0.44159325998751187,0.03125,0.1874,0.4997,0.8062,0.82165,0.3089458045787822,0.3086570333408272,0.03125,0.1875,0.5,0.80938,0.88339,0.26387547033365344,0.26387547033365344,0.03125,0.1875,0.4999,0.8016,0.87815,1.167098064090175,1.1662740130550793,0.03125000000000001,0.18710000000000002,0.49274,0.74904,0.59579,0.13757876677582587,0.13757876677582587,0.03125,0.1875,0.5,0.812,0.89655
21,model_108_Adaboost_estimators_91,2.0435321003666864,2.0431935246288178,0.030549999999999997,0.169,0.3907,0.4551,0.22537,4.396588971864695,4.396588971864695,0.0007500000000000284,0.00040000000000002257,-0.0038999999999999846,-0.003399999999999996,-0.0018499999999999992,0.8170992576641684,0.8170270648546796,0.03125,0.18660000000000002,0.472,0.66942,0.48315,2.0878338387528212,2.0804349770196295,0.03065000000000001,0.17594,0.41090000000000004,0.45882,0.19983,1.4021975592503129,1.4021975592503129,0.03115,0.1781,0.4288,0.5369,0.30755,0.4358577915031629,0.4358577915031629,0.031249999999999997,0.1875,0.4997,0.8068,0.82295,0.3152186246220152,0.3146858587652559,0.03125,0.1875,0.5,0.80928,0.88129,0.2638058446633315,0.2638058446633315,0.03125,0.1875,0.4999,0.8016,0.87835,1.1676341658492395,1.1669545004331212,0.03125,0.1871,0.49306,0.75066,0.59793,0.1396451204653474,0.1396451204653474,0.03125,0.1875,0.5,0.8122,0.89585
22,model_108_Adaboost_estimators_86,2.053580280588615,2.0513470942213696,0.030750000000000003,0.168,0.38986000000000004,0.45516,0.22773,4.381363805754027,4.381363805754027,-4.99999999999734e-05,-0.0003999999999999693,-0.004499999999999981,-0.002699999999999996,-0.002349999999999999,0.8049251534932232,0.8049251534932232,0.03125,0.1869,0.4724,0.6721,0.48155,2.0707935059180143,2.0599266382351242,0.030850000000000013,0.17624,0.41078000000000003,0.46054,0.20033,1.3974841765436357,1.3974841765436357,0.031150000000000008,0.1776,0.4299,0.5367999999999999,0.30825,0.4322556422198073,0.4322556422198073,0.03125,0.1875,0.4997,0.8069,0.82165,0.31224811555042953,0.312103729931452,0.03125,0.1875,0.5,0.8095,0.88209,0.26549482522170464,0.2653006351028137,0.03125,0.1875,0.4999,0.8015,0.87793,1.1674565974323152,1.166776932016197,0.03125,0.1871,0.49314,0.74994,0.59575,0.14309379788749635,0.14309379788749635,0.03125,0.1875,0.5,0.812,0.89585
23,model_108_Adaboost_estimators_81,2.053310050450991,2.052946572463166,0.03085,0.1674,0.38774000000000003,0.45486,0.22709000000000001,4.388261785924869,4.388261785924869,0.000550000000000026,-0.0004999999999999666,-0.004399999999999984,-0.007399999999999994,-0.0049499999999999995,0.7951213883713805,0.7951213883713805,0.031249999999999997,0.1862,0.4716,0.6709,0.48365,2.0626733694368524,2.0521126193129753,0.030850000000000013,0.17698000000000003,0.41062000000000004,0.46004,0.20411,1.3903835719623192,1.3903835719623192,0.03115,0.1782,0.42910000000000004,0.5392,0.30925,0.42512635810056165,0.42512635810056165,0.03125,0.1875,0.4998,0.8067,0.82395,0.30632342355679915,0.30632342355679915,0.03125,0.1875,0.5,0.8096,0.88205,0.26220956087429703,0.26220956087429703,0.03125,0.1875,0.4999,0.8016,0.87945,1.1550447547316933,1.1542954104464678,0.03125,0.187,0.49378,0.75258,0.59721,0.14341993843614495,0.14341993843614495,0.03125,0.1875,0.5,0.8121,0.89525
24,model_108_Adaboost_estimators_76,2.059535256070413,2.057488955154772,0.030750000000000003,0.16670000000000001,0.38368,0.4571,0.22805,4.394781645345917,4.394781645345917,-0.0010499999999999854,-0.00039999999999997373,-0.007899999999999985,-0.0026999999999999962,-0.0042499999999999994,0.7916718096696177,0.7916718096696177,0.03125,0.1865,0.4721,0.6713,0.48355,2.055128569874627,2.0470525566656987,0.030950000000000005,0.1761,0.4101,0.45946000000000004,0.20315,1.3815645488014054,1.3815645488014054,0.03115,0.17700000000000002,0.4272,0.541,0.30675,0.4149314924485621,0.4149314924485621,0.031249999999999997,0.1875,0.4997,0.807,0.82575,0.31751420717485335,0.31741711211540785,0.03125,0.1875,0.5,0.8096,0.88039,0.26960795505804414,0.26960795505804414,0.03125,0.1875,0.4999,0.8015,0.87785,1.1511570196893772,1.1506018655230426,0.03125,0.1872,0.49388,0.75448,0.59611,0.14917781399247612,0.14917781399247612,0.03125,0.1875,0.5,0.8121,0.89425
25,model_103_Linear_SVC_max_iter_951,1.2181969989272943,1.2181969989272943,0.006750000000000001,0.0003000000000000036,0.007400000000000006,0.0162,-0.0005500000000000002,2.170362626282471,2.170362626282471,0.019250000000000024,0.049200000000000035,0.07310000000000003,0.05220000000000001,0.023450000000000002,1.572006801389442,1.572006801389442,0.028149999999999998,0.17350000000000002,0.4218,0.5806,0.36075,0.6642411403483679,0.6642411403483679,0.031149999999999997,0.1792,0.4249,0.505,0.24245,2.609776954113272,2.609776954113272,0.025850000000000005,0.1269,0.26130000000000003,0.271,0.12215,0.41451162749910886,0.41451162749910886,0.03125,0.1875,0.5,0.7918,0.73585,0.1937079472630484,0.1937079472630484,0.03125,0.1875,0.4999,0.8112,0.9279499999999999,1.394239177750155,1.394239177750155,0.03095,0.1811,0.4658,0.6944,0.56915,1.9142277864959885,1.9142277864959885,0.031149999999999997,0.1779,0.4416,0.5728,0.33905,0.8007533782397549,0.8007533782397549,0.02895,0.1782,0.4767,0.7521,0.65745
26,model_103_Linear_SVC_max_iter_901,1.12456743792133,1.12456743792133,0.00705,0.00020000000000000462,0.00810000000000001,0.016300000000000002,-0.0006499999999999994,2.8584185454138553,2.8584185454138553,-0.010249999999999973,-0.023699999999999957,-0.029099999999999977,-0.022099999999999998,-0.00765,1.8229438652343641,1.8229438652343641,0.02635000000000001,0.16640000000000002,0.4088,0.5493,0.33755,0.6642411403483679,0.6642411403483679,0.031149999999999997,0.1792,0.4249,0.505,0.24245,2.5952176836235146,2.5952176836235146,0.027250000000000003,0.14450000000000002,0.31410000000000005,0.329,0.14845,0.4142947310471636,0.4142947310471636,0.03125,0.1875,0.5,0.7919,0.73575,0.19568151294578737,0.19568151294578737,0.03125,0.1875,0.4999,0.8116,0.92715,1.2548774497842874,1.2548774497842874,0.03125,0.18380000000000002,0.4766,0.7115,0.57865,1.9645405881384392,1.9645405881384392,0.031049999999999994,0.1751,0.4363,0.5517,0.31805,0.6805742636110923,0.6805742636110923,0.030350000000000002,0.1815,0.48460000000000003,0.7694,0.68035
27,model_103_Linear_SVC_max_iter_851,1.0807173524909104,1.0807173524909104,0.008150000000000001,0.0019000000000000139,0.01230000000000003,0.01830000000000001,0.0006500000000000019,1.9600377860776572,1.9600377860776572,-0.022649999999999993,-0.04509999999999998,-0.07069999999999999,-0.046799999999999994,-0.01865,1.7331072363925955,1.7331072363925955,0.02265,0.15780000000000002,0.3961,0.5459,0.35055000000000003,0.6642411403483679,0.6642411403483679,0.031149999999999997,0.1792,0.4249,0.505,0.24245,2.6402575704683904,2.6402575704683904,0.02675000000000001,0.13480000000000003,0.2867,0.29400000000000004,0.13265,0.4142947310471636,0.4142947310471636,0.03125,0.1875,0.5,0.7919,0.73575,0.1949106185547943,0.1949106185547943,0.03125,0.1875,0.4999,0.8115,0.92775,1.3834433370375347,1.3834433370375347,0.03105,0.1817,0.4658,0.6913,0.55385,1.9289489809630882,1.9289489809630882,0.03095,0.1767,0.4374,0.5630000000000001,0.34185,0.6711191758218834,0.6711191758218834,0.03065,0.1832,0.484,0.7642,0.67885
28,model_103_Linear_SVC_max_iter_801,1.12375974065572,1.12375974065572,0.007750000000000002,0.002500000000000014,0.011300000000000027,0.019200000000000012,0.0002500000000000017,1.9365267296917588,1.9365267296917588,-0.025749999999999988,-0.04739999999999998,-0.06889999999999999,-0.044399999999999995,-0.01845,1.8639747340464679,1.8639747340464679,0.026150000000000017,0.16670000000000001,0.40900000000000003,0.5377000000000001,0.33085000000000003,0.6642411403483679,0.6642411403483679,0.031149999999999997,0.1792,0.4249,0.505,0.24245,2.6058262169983264,2.6058262169983264,0.027250000000000007,0.14200000000000002,0.30870000000000003,0.3275,0.15505,0.41453527914170774,0.41453527914170774,0.03125,0.1875,0.5,0.7918,0.73565,0.19272520694014167,0.19272520694014167,0.03125,0.1875,0.4999,0.8114,0.92845,1.476520283323851,1.476520283323851,0.031249999999999993,0.1814,0.4641,0.6849000000000001,0.53775,1.9850021378197944,1.9850021378197944,0.03104999999999999,0.1747,0.43220000000000003,0.5494,0.32775,0.8504175367250112,0.8504175367250112,0.027749999999999997,0.1727,0.4686,0.7443,0.65335
29,model_103_Linear_SVC_max_iter_751,1.0033499917654283,1.0033499917654283,0.011450000000000005,0.008900000000000014,0.02660000000000003,0.02680000000000001,0.004950000000000002,2.6183298812724445,2.6183298812724445,0.017250000000000043,0.043600000000000055,0.060300000000000034,0.04220000000000001,0.01855,1.6380730035023416,1.6380730035023416,0.02885,0.1739,0.4294,0.5826,0.35885,0.6642411403483679,0.6642411403483679,0.031149999999999997,0.1792,0.4249,0.505,0.24245,2.612905137029569,2.612905137029569,0.026550000000000015,0.13550000000000004,0.2867,0.303,0.13565,0.4151666076366067,0.4151666076366067,0.03125,0.1875,0.5,0.7918,0.73625,0.1963864918506278,0.1963864918506278,0.03125,0.1875,0.4999,0.8114,0.9269499999999999,1.4164160281136031,1.4164160281136031,0.030950000000000012,0.17920000000000003,0.4626,0.6849000000000001,0.55025,2.0095794626476744,2.0095794626476744,0.031049999999999998,0.1766,0.4285,0.548,0.32425,1.0321407141355807,1.0321407141355807,0.029049999999999996,0.1743,0.4649,0.7282,0.61885
30,model_104_C_Support_max_iter_951,0.4639920042884772,0.4639920042884772,0.02025,0.0487,0.0909,0.071,0.01775,4.2603453568833265,4.2603453568833265,0.00115000000000002,0.0034000000000000297,-0.0056999999999999855,-0.010699999999999998,-0.0038499999999999993,0.04357723596306923,0.04357723596306923,0.03125,0.1758,0.4697,0.6103,0.37245,1.053966970704253,1.053966970704253,0.029449999999999997,0.1478,0.3549,0.4093,0.17835,0.8659290301625101,0.8659290301625101,0.031149999999999997,0.15259999999999999,0.3113,0.3089,0.14555,0.3539882624592258,0.3539882624592258,0.03125,0.1875,0.5,0.7932,0.74155,0.21780938408701508,0.21780938408701508,0.03125,0.1875,0.5,0.8073,0.86195,0.10587785811969162,0.10587785811969162,0.03125,0.1875,0.49,0.7715,0.63645,0.6802356383731031,0.6802356383731031,0.031249999999999997,0.1288,0.2811,0.2612,0.09285,0.1463625716177431,0.1463625716177431,0.03125,0.1875,0.5,0.7812,0.63725
31,model_104_C_Support_max_iter_901,0.4639920042884772,0.4639920042884772,0.02025,0.0487,0.0909,0.071,0.01775,4.2603453568833265,4.2603453568833265,0.00115000000000002,0.0034000000000000297,-0.0056999999999999855,-0.010699999999999998,-0.0038499999999999993,0.04357723596306923,0.04357723596306923,0.03125,0.1758,0.4697,0.6103,0.37245,1.053966970704253,1.053966970704253,0.029449999999999997,0.1478,0.3549,0.4093,0.17835,0.8659290301625101,0.8659290301625101,0.031149999999999997,0.15259999999999999,0.3113,0.3089,0.14555,0.3539882624592258,0.3539882624592258,0.03125,0.1875,0.5,0.7932,0.74155,0.21780938408701508,0.21780938408701508,0.03125,0.1875,0.5,0.8073,0.86195,0.10587785811969162,0.10587785811969162,0.03125,0.1875,0.49,0.7715,0.63645,0.6802356383731031,0.6802356383731031,0.031249999999999997,0.1288,0.2811,0.2612,0.09285,0.1463625716177431,0.1463625716177431,0.03125,0.1875,0.5,0.7812,0.63725
32,model_104_C_Support_max_iter_851,0.5728078648602909,0.5728078648602909,0.02035,0.0498,0.0961,0.0742,0.01875,4.2603453568833265,4.2603453568833265,0.00115000000000002,0.0034000000000000297,-0.0056999999999999855,-0.010699999999999998,-0.0038499999999999993,0.04357723596306923,0.04357723596306923,0.03125,0.1758,0.4697,0.6103,0.37245,1.053966970704253,1.053966970704253,0.029449999999999997,0.1478,0.3549,0.4093,0.17835,0.8659290301625101,0.8659290301625101,0.031149999999999997,0.15259999999999999,0.3113,0.3089,0.14555,0.3539882624592258,0.3539882624592258,0.03125,0.1875,0.5,0.7932,0.74155,0.21780938408701508,0.21780938408701508,0.03125,0.1875,0.5,0.8073,0.86195,0.10587785811969162,0.10587785811969162,0.03125,0.1875,0.49,0.7715,0.63645,0.6802356383731031,0.6802356383731031,0.031249999999999997,0.1288,0.2811,0.2612,0.09285,0.1463625716177431,0.1463625716177431,0.03125,0.1875,0.5,0.7812,0.63725
33,model_104_C_Support_max_iter_801,1.553552503174588,1.553552503174588,0.017550000000000003,0.06010000000000001,0.1252,0.094,0.02325,4.2603453568833265,4.2603453568833265,0.00115000000000002,0.0034000000000000297,-0.0056999999999999855,-0.010699999999999998,-0.0038499999999999993,0.04357723596306923,0.04357723596306923,0.03125,0.1758,0.4697,0.6103,0.37245,1.053966970704253,1.053966970704253,0.029449999999999997,0.1478,0.3549,0.4093,0.17835,0.8659290301625101,0.8659290301625101,0.031149999999999997,0.15259999999999999,0.3113,0.3089,0.14555,0.3539882624592258,0.3539882624592258,0.03125,0.1875,0.5,0.7932,0.74155,0.21780938408701508,0.21780938408701508,0.03125,0.1875,0.5,0.8073,0.86195,0.10587785811969162,0.10587785811969162,0.03125,0.1875,0.49,0.7715,0.63645,0.6802356383731031,0.6802356383731031,0.031249999999999997,0.1288,0.2811,0.2612,0.09285,0.1463625716177431,0.1463625716177431,0.03125,0.1875,0.5,0.7812,0.63725
34,model_104_C_Support_max_iter_751,2.241292786933469,2.241292786933469,0.01135,0.05760000000000001,0.10420000000000001,0.08560000000000001,0.012450000000000001,4.2603453568833265,4.2603453568833265,0.00115000000000002,0.0034000000000000297,-0.0056999999999999855,-0.010699999999999998,-0.0038499999999999993,0.04297076189661013,0.04297076189661013,0.03125,0.1758,0.4698,0.6103,0.37245,1.053966970704253,1.053966970704253,0.029449999999999997,0.1478,0.3549,0.4093,0.17835,0.8659290301625101,0.8659290301625101,0.031149999999999997,0.15259999999999999,0.3113,0.3089,0.14555,0.3539882624592258,0.3539882624592258,0.03125,0.1875,0.5,0.7932,0.74155,0.21780938408701508,0.21780938408701508,0.03125,0.1875,0.5,0.8073,0.86195,0.10587785811969162,0.10587785811969162,0.03125,0.1875,0.49,0.7715,0.63645,0.6802356383731031,0.6802356383731031,0.031249999999999997,0.1288,0.2811,0.2612,0.09285,0.1463625716177431,0.1463625716177431,0.03125,0.1875,0.5,0.7812,0.63725
35,model_105_Logistic_Regression_max_iter_191,1.2169127428936026,1.2169127428936026,0.001349999999999999,0.0913,0.234,0.2227,0.05855,3.9182979773813726,3.9182979773813726,-0.0030499999999999915,-0.008899999999999969,-0.022299999999999986,-0.023599999999999996,-0.00835,0.3066041417818008,0.3066041417818008,0.03125,0.1825,0.4648,0.6908,0.47105,0.7689729474146058,0.7689729474146058,0.02865,0.146,0.35760000000000003,0.4232,0.17605,0.7436047498164982,0.7436047498164982,0.03095,0.1698,0.4198,0.5594,0.29665,0.3228078276511829,0.3228078276511829,0.031249999999999997,0.1875,0.5,0.7938,0.76795,0.13594838151373237,0.13594838151373237,0.03125,0.1875,0.5,0.812,0.93855,0.3653453160788691,0.3653453160788691,0.03125,0.1875,0.4988,0.7933,0.7999499999999999,0.6342336591036986,0.6342336591036986,0.031249999999999997,0.1875,0.4938,0.7412,0.59455,0.10123624922187807,0.10123624922187807,0.03125,0.1875,0.5,0.8039,0.76585
36,model_105_Logistic_Regression_max_iter_181,1.2167234061973946,1.2167234061973946,0.001349999999999999,0.0912,0.234,0.2228,0.05845,3.9182979773813726,3.9182979773813726,-0.0030499999999999915,-0.008899999999999969,-0.022299999999999986,-0.023599999999999996,-0.00835,0.3057753036393606,0.3057753036393606,0.03125,0.1826,0.4649,0.6914,0.46875,0.7689729474146058,0.7689729474146058,0.02865,0.146,0.35760000000000003,0.4232,0.17605,0.7435389070205216,0.7435389070205216,0.031049999999999994,0.1694,0.418,0.5579,0.29365,0.3228078276511829,0.3228078276511829,0.031249999999999997,0.1875,0.5,0.7938,0.76795,0.13594838151373237,0.13594838151373237,0.03125,0.1875,0.5,0.812,0.93855,0.37656001652883614,0.37656001652883614,0.03125,0.1875,0.4988,0.7936,0.79895,0.631543121669979,0.631543121669979,0.031249999999999997,0.1875,0.4935,0.7407,0.59535,0.1009276523976464,0.1009276523976464,0.03125,0.1875,0.5,0.8044,0.76485
37,model_105_Logistic_Regression_max_iter_171,1.2163058140142409,1.2163058140142409,0.0012499999999999979,0.0911,0.23370000000000002,0.2227,0.05885,3.9182979773813726,3.9182979773813726,-0.0030499999999999915,-0.008899999999999969,-0.022299999999999986,-0.023599999999999996,-0.00835,0.3012330351440269,0.3012330351440269,0.03125,0.183,0.4651,0.6922,0.47205,0.7689729474146058,0.7689729474146058,0.02865,0.146,0.35760000000000003,0.4232,0.17605,0.7205842158455584,0.7205842158455584,0.031149999999999994,0.16949999999999998,0.415,0.5602,0.28975,0.3228078276511829,0.3228078276511829,0.031249999999999997,0.1875,0.5,0.7938,0.76795,0.13594838151373237,0.13594838151373237,0.03125,0.1875,0.5,0.812,0.93855,0.3784058177568682,0.3784058177568682,0.03125,0.1875,0.4989,0.7929,0.80015,0.6310275142442697,0.6310275142442697,0.031249999999999997,0.1875,0.4934,0.7399,0.59525,0.09881974526323825,0.09881974526323825,0.03125,0.1875,0.5,0.805,0.76465
38,model_105_Logistic_Regression_max_iter_161,1.2196426591492397,1.2196426591492397,0.001349999999999999,0.09140000000000001,0.2341,0.2225,0.05845,3.9182979773813726,3.9182979773813726,-0.0030499999999999915,-0.008899999999999969,-0.022299999999999986,-0.023599999999999996,-0.00835,0.30274089704881957,0.30274089704881957,0.03125,0.1824,0.4645,0.6912,0.47135,0.7689729474146058,0.7689729474146058,0.02865,0.146,0.35760000000000003,0.4232,0.17605,0.6877049840568261,0.6877049840568261,0.031149999999999994,0.16799999999999998,0.4124,0.5628,0.28895,0.3228078276511829,0.3228078276511829,0.031249999999999997,0.1875,0.5,0.7938,0.76795,0.13594838151373237,0.13594838151373237,0.03125,0.1875,0.5,0.812,0.93855,0.39331049804653156,0.39331049804653156,0.03125,0.1875,0.4987,0.7932,0.79915,0.6246260305592717,0.6246260305592717,0.03125,0.1875,0.49319999999999997,0.7405,0.59685,0.09895332663296086,0.09895332663296086,0.03125,0.1875,0.5,0.8042,0.76485
39,model_105_Logistic_Regression_max_iter_151,1.220388706967258,1.220388706967258,0.0014500000000000012,0.0913,0.2338,0.2226,0.058550000000000005,3.9182979773813726,3.9182979773813726,-0.0030499999999999915,-0.008899999999999969,-0.022299999999999986,-0.023599999999999996,-0.00835,0.2855253642728021,0.2855253642728021,0.03125,0.1827,0.4644,0.6937,0.46985,0.7689729474146058,0.7689729474146058,0.02865,0.146,0.35760000000000003,0.4232,0.17605,0.6660404827762049,0.6660404827762049,0.031050000000000005,0.1669,0.4111,0.5648,0.28765,0.3228078276511829,0.3228078276511829,0.031249999999999997,0.1875,0.5,0.7938,0.76795,0.13594838151373237,0.13594838151373237,0.03125,0.1875,0.5,0.812,0.93855,0.4072164946769298,0.4072164946769298,0.03125,0.1875,0.4989,0.7936,0.79555,0.6205731602980662,0.6205731602980662,0.031249999999999997,0.1875,0.4935,0.7396,0.59675,0.10067411528255152,0.10067411528255152,0.03125,0.1875,0.5,0.804,0.76435
40,model_570_MLP_hidden_layer_15,1.938298790590258,1.938298790590258,-0.022149999999999996,-0.1517,-0.1672,-0.074,-0.02335,3.9309264208586505,3.9309264208586505,0.005550000000000011,0.023300000000000032,0.029600000000000022,0.019600000000000006,0.005650000000000001,0.7957024263791297,0.7957024263791297,0.03125,0.187,0.473,0.6667,0.45505,1.1000817114336592,1.1000817114336592,0.03015,0.1601,0.3733,0.4343,0.20025,1.4979650390825692,1.4979650390825692,0.03125,0.1661,0.3991,0.5036,0.26234999999999997,0.2556530872122649,0.2556530872122649,0.03125,0.1875,0.5,0.7763,0.68565,0.18311137015933276,0.18311137015933276,0.03125,0.1875,0.5,0.8114,0.91725,0.6641838024181713,0.6641838024181713,0.031249999999999997,0.1875,0.4895,0.723,0.54835,0.7253253483174348,0.7253253483174348,0.03125,0.1872,0.4958,0.7531,0.63505,0.16392827305769772,0.16392827305769772,0.03125,0.1875,0.5,0.7959,0.73225
41,model_570_MLP_hidden_layer_14,1.9068409520902352,1.9068409520902352,0.015249999999999996,0.061200000000000004,0.13790000000000002,0.1504,0.02725,3.9025625642078055,3.9025625642078055,0.003950000000000008,0.00910000000000002,-0.0025999999999999856,-0.011099999999999997,0.0008500000000000008,0.7317189591105662,0.7317189591105662,0.031249999999999997,0.186,0.4695,0.672,0.44345,0.9176318415526052,0.9176318415526052,0.02895,0.16519999999999999,0.3745,0.4227,0.19645,1.6390421996732922,1.6390421996732922,0.029050000000000003,0.1661,0.3835,0.45130000000000003,0.23855,0.12556534510701273,0.12556534510701273,0.03125,0.1875,0.5,0.7673,0.62845,0.24217399182458946,0.24217399182458946,0.03125,0.1874,0.4997,0.8065,0.90265,0.8168836428377473,0.8168836428377473,0.03125,0.1875,0.4852,0.7103,0.52595,0.8149451348899636,0.8149451348899636,0.03125,0.1866,0.4948,0.7413,0.60815,0.17195111536913513,0.17195111536913513,0.03125,0.1875,0.5,0.7983,0.75215
42,model_570_MLP_hidden_layer_13,1.590700682131961,1.590700682131961,0.023250000000000003,0.09570000000000001,0.158,0.14830000000000002,0.04505,4.044325039157436,4.044325039157436,0.0020500000000000297,0.0005000000000000204,-0.01319999999999998,-0.011699999999999995,-0.0009499999999999993,0.858513766614061,0.858513766614061,0.031149999999999994,0.1863,0.4659,0.6589,0.43185,0.9376940253463055,0.9376940253463055,0.029149999999999995,0.1701,0.3853,0.4432,0.20635,1.3018577712918178,1.3018577712918178,0.03125,0.1768,0.4153,0.5112,0.28955,0.11710379680419462,0.11710379680419462,0.03125,0.1875,0.5,0.7656,0.62945,0.24448865926383354,0.24448865926383354,0.03125,0.1875,0.4996,0.8058,0.88275,0.6137671348549905,0.6137671348549905,0.03125,0.1875,0.4933,0.7498,0.61795,0.7438681393828359,0.7438681393828359,0.03125,0.1874,0.4966,0.7468,0.61375,0.19654667861519953,0.19654667861519953,0.03125,0.1875,0.5,0.8025,0.71865
43,model_570_MLP_hidden_layer_12,1.559003110894731,1.559003110894731,-0.02435,-0.0817,-0.08249999999999999,-0.0633,-0.020149999999999998,3.8391640041397026,3.8391640041397026,-0.0032499999999999873,0.006200000000000026,0.018500000000000016,0.004400000000000007,0.0032500000000000007,0.5625817567922065,0.5625817567922065,0.031249999999999997,0.1873,0.4766,0.6913,0.44595,0.9103592511024133,0.9103592511024133,0.028349999999999997,0.1633,0.3753,0.4329,0.18505,0.850773494277357,0.850773494277357,0.03045,0.0884,0.1777,0.1965,0.07765,0.054195847435093175,0.054195847435093175,0.03125,0.1875,0.5,0.7638,0.61405,0.26810492710011485,0.26810492710011485,0.03125,0.1875,0.5,0.806,0.87765,0.5550192820849197,0.5550192820849197,0.03125,0.1875,0.4932,0.7545000000000001,0.62975,0.7087722000436302,0.7087722000436302,0.03125,0.1875,0.4984,0.7566,0.63095,0.14971204831308618,0.14971204831308618,0.03125,0.1875,0.5,0.8021,0.74975
44,model_570_MLP_hidden_layer_11,1.3614948685364143,1.3614948685364143,0.000249999999999998,-0.043399999999999994,-0.0602,-0.0386,-0.01335,3.8422628724621606,3.8422628724621606,-0.003049999999999985,-0.0016999999999999776,-0.01349999999999998,-0.009399999999999995,-0.004049999999999999,0.7827619951775058,0.7827619951775058,0.03125,0.187,0.4754,0.6659,0.47855,0.9598634970617084,0.9598634970617084,0.02995,0.1539,0.3602,0.4163,0.17655,1.6009624460327239,1.6009624460327239,0.03125,0.1743,0.4214,0.5168,0.26095,0.15451367429257348,0.15451367429257348,0.03125,0.1875,0.4999,0.7695,0.64455,0.13216567299908974,0.13216567299908974,0.03125,0.1875,0.5,0.812,0.94125,0.5887909731328953,0.5887909731328953,0.03125,0.1875,0.4954,0.7719,0.67105,0.724205002524856,0.724205002524856,0.03125,0.1875,0.4982,0.7575,0.6376499999999999,0.1518545694345928,0.1518545694345928,0.03125,0.1875,0.5,0.7952,0.73905
